{"loss": [1.214804768562317, 1.2112090587615967, 1.219603419303894, 1.2175285816192627, 1.217536449432373, 1.1968218088150024, 1.2256172895431519, 1.2057818174362183, 1.2015901803970337, 1.2015653848648071], "accuracy": [0.4713541567325592, 0.4713541567325592, 0.4622395932674408, 0.46875, 0.4609375, 0.4869791567325592, 0.4466145932674408, 0.4791666567325592, 0.4908854067325592, 0.484375], "val_loss": [1.2006231546401978, 1.2116177082061768, 1.2213114500045776, 1.1857322454452515, 1.2006011009216309, 1.215234637260437, 1.217236042022705, 1.1861469745635986, 1.181505799293518, 1.1900715827941895], "val_accuracy": [0.5208333134651184, 0.5104166865348816, 0.5052083134651184, 0.5364583134651184, 0.515625, 0.5104166865348816, 0.5104166865348816, 0.5416666865348816, 0.5416666865348816, 0.53125]}